User_ID,User_Full_Name,User_Email,User_Phone,User_Password_Hash,User_Role,User_Status,User_Created_At,User_Nationality,User_BirthDate,Property_ID,Property_Title,Property_Description,Property_Type,Room_Type,Property_City,Property_District,Property_Address,Property_Base_Price,Property_Max_Guests,Property_Rating_Avg,Property_Created_At,Host_ID,Host_Since,Photo_URL,Photo_Is_Primary,Photo_Sort_Order,Amenity_Name,Amenity_Icon,Booking_ID,Booking_CheckIn,Booking_CheckOut,Booking_Guest_Count,Booking_Total_Price,Booking_Status,Booking_Created_At,Payment_ID,Payment_Amount,Payment_Method,Payment_Status,Transaction_Ref,Payment_Date,Review_ID,Review_Rating,Review_Comment,Review_Created_At,Card_Holder,Card_Number_Masked,Card_Expiry
2,Murat Ekinci,user2@hms.com,05000000002,hash_1,admin,inactive,2024-01-01,T.C.,1990-01-01,2,Trabzon Ortahisar Müstakil Ev,Açıklama...,Müstakil Ev,Entire place,Trabzon,Ortahisar,Adres No:2,3520,7,2,2024-05-01,3,2024-01-01,image_2.png,TRUE,0,TV,fa-tv,,,,1,10560,,,,0,Credit Card,completed,T-1,,,2,Güzeldi.,,,**** 2781,12/2026
3,Ece Kaya,user3@hms.com,05000000003,hash_2,admin,suspended,2024-01-01,T.C.,1990-01-01,3,İstanbul Fatih Müstakil Ev,Açıklama...,Stüdyo,Entire place,İstanbul,Fatih,Adres No:3,1028,7,3,2024-05-01,4,2024-01-01,image_3.png,TRUE,0,Mutfak,fa-utensils,,,,3,3084,,,,0,Credit Card,completed,T-2,,2,2,Güzeldi.,,,**** 2787,12/2026
4,Elif Bulut,user4@hms.com,05000000004,hash_3,admin,suspended,2024-01-01,T.C.,1990-01-01,4,Muğla Bodrum Müstakil Ev,Açıklama...,Müstakil Ev,Entire place,Muğla,Bodrum,Adres No:4,2838,4,4,2024-05-01,5,2024-01-01,image_4.png,TRUE,0,Mutfak,fa-utensils,1003,2026-04-24,,5,8514,completed,,3,8514,Credit Card,completed,T-3,,,3,Güzeldi.,,,**** 3129,12/2026
5,Ayşe Koç,user5@hms.com,05000000005,hash_4,guest,active,2024-01-01,T.C.,1990-01-01,5,Ankara Çankaya Müstakil Ev,Açıklama...,Müstakil Ev,Entire place,Ankara,Çankaya,Adres No:5,2607,3,5,2024-05-01,6,2024-01-01,image_5.png,TRUE,0,TV,fa-tv,,,,2,7821,,,,0,Credit Card,completed,T-4,,4,4,Güzeldi.,,Ayşe Koç,**** 3735,12/2026
6,Selin Tekin,user6@hms.com,05000000006,hash_5,guest,active,2024-01-01,T.C.,1990-01-01,6,İzmir Alsancak Apartman,Açıklama...,Villa,Entire place,İzmir,Alsancak,Adres No:6,4632,6,1,2024-05-01,7,2024-01-01,image_6.png,TRUE,0,Mutfak,fa-utensils,,,,4,13896,,,,0,Credit Card,completed,T-5,,,5,Güzeldi.,,Selin Tekin,**** 6138,12/2026
7,Ece Yılmaz,user7@hms.com,05000000007,hash_6,admin,inactive,2024-01-01,T.C.,1990-01-01,7,İzmir Karşıyaka Apartman,Açıklama...,Loft,Entire place,İzmir,Karşıyaka,Adres No:7,4639,6,2,2024-05-01,8,2024-01-01,image_7.png,TRUE,0,Klima,fa-snowflake,1006,2026-03-07,,3,13917,completed,,6,13917,Credit Card,completed,T-6,,6,1,Güzeldi.,,,**** 2584,12/2026
8,Deniz Ekinci,user8@hms.com,05000000008,hash_7,admin,active,2024-01-01,T.C.,1990-01-01,8,Muğla Fethiye Müstakil Ev,Açıklama...,Apartman,Entire place,Muğla,Fethiye,Adres No:8,4575,3,3,2024-05-01,9,2024-01-01,image_8.png,TRUE,0,Havuz,fa-swimming-pool,,,,2,13725,,,,0,Credit Card,completed,T-7,,,1,Güzeldi.,,,**** 5132,12/2026
9,Ahmet Korkmaz,user9@hms.com,05000000009,hash_8,guest,inactive,2024-01-01,T.C.,1990-01-01,9,İstanbul Fatih Loft,Açıklama...,Apartman,Entire place,İstanbul,Fatih,Adres No:9,2959,8,4,2024-05-01,10,2024-01-01,image_9.png,TRUE,0,Otopark,fa-car,,,,3,8877,,,,0,Credit Card,completed,T-8,,8,3,Güzeldi.,,Ahmet Korkmaz,**** 8841,12/2026
10,Fatma Şahin,user10@hms.com,05000000010,hash_9,admin,active,2024-01-01,T.C.,1990-01-01,10,Trabzon Ortahisar Loft,Açıklama...,Apartman,Entire place,Trabzon,Ortahisar,Adres No:10,1265,9,5,2024-05-01,1,2024-01-01,image_10.png,TRUE,0,Mutfak,fa-utensils,1009,2026-02-05,,3,3795,completed,,9,3795,Credit Card,completed,T-9,,,2,Güzeldi.,,,**** 3714,12/2026
11,Sibel Bulut,user11@hms.com,05000000011,hash_10,guest,active,2024-01-01,T.C.,1990-01-01,11,Eskişehir Odunpazarı Apartman,Açıklama...,Müstakil Ev,Entire place,Eskişehir,Odunpazarı,Adres No:11,438,5,1,2024-05-01,2,2024-01-01,image_11.png,TRUE,0,Havuz,fa-swimming-pool,,,,2,1314,,,,0,Credit Card,completed,T-10,,10,3,Güzeldi.,,Sibel Bulut,**** 5400,12/2026
12,Sibel Yılmaz,user12@hms.com,05000000012,hash_11,host,active,2024-01-01,T.C.,1990-01-01,12,İstanbul Beşiktaş Apartman,Açıklama...,Müstakil Ev,Entire place,İstanbul,Beşiktaş,Adres No:12,2536,3,2,2024-05-01,3,2024-01-01,image_12.png,TRUE,0,Otopark,fa-car,,,,5,7608,,,,0,Credit Card,completed,T-11,,,1,Güzeldi.,,,**** 5223,12/2026
13,Ayşe Şahin,user13@hms.com,05000000013,hash_12,host,active,2024-01-01,T.C.,1990-01-01,13,İzmir Konak Apartman,Açıklama...,Stüdyo,Entire place,İzmir,Konak,Adres No:13,824,10,3,2024-05-01,4,2024-01-01,image_13.png,TRUE,0,WiFi,fa-wifi,1012,2026-10-05,,2,2472,completed,,12,2472,Credit Card,completed,T-12,,12,1,Güzeldi.,,,**** 7204,12/2026
14,Ece Ekinci,user14@hms.com,05000000014,hash_13,host,inactive,2024-01-01,T.C.,1990-01-01,14,Trabzon Ortahisar Apartman,Açıklama...,Apartman,Entire place,Trabzon,Ortahisar,Adres No:14,390,3,4,2024-05-01,5,2024-01-01,image_14.png,TRUE,0,Mutfak,fa-utensils,,,,4,1170,,,,0,Credit Card,completed,T-13,,,2,Güzeldi.,,,**** 6187,12/2026
15,Mehmet Şahin,user15@hms.com,05000000015,hash_14,admin,suspended,2024-01-01,T.C.,1990-01-01,15,Trabzon Akçaabat Apartman,Açıklama...,Stüdyo,Entire place,Trabzon,Akçaabat,Adres No:15,2292,9,5,2024-05-01,6,2024-01-01,image_15.png,TRUE,0,WiFi,fa-wifi,,,,3,6876,,,,0,Credit Card,completed,T-14,,14,1,Güzeldi.,,,**** 7780,12/2026
16,Murat Şahin,user16@hms.com,05000000016,hash_15,host,active,2024-01-01,T.C.,1990-01-01,16,Trabzon Akçaabat Villa,Açıklama...,Stüdyo,Entire place,Trabzon,Akçaabat,Adres No:16,1496,3,1,2024-05-01,7,2024-01-01,image_16.png,TRUE,0,Mutfak,fa-utensils,1015,2026-11-03,,1,4488,completed,,15,4488,Credit Card,completed,T-15,,,2,Güzeldi.,,,**** 7192,12/2026
17,Mert Şahin,user17@hms.com,05000000017,hash_16,guest,suspended,2024-01-01,T.C.,1990-01-01,17,Bursa Nilüfer Müstakil Ev,Açıklama...,Villa,Entire place,Bursa,Nilüfer,Adres No:17,618,5,2,2024-05-01,8,2024-01-01,image_17.png,TRUE,0,Klima,fa-snowflake,,,,4,1854,,,,0,Credit Card,completed,T-16,,16,1,Güzeldi.,,Mert Şahin,**** 2879,12/2026
18,Murat Şahin,user18@hms.com,05000000018,hash_17,host,suspended,2024-01-01,T.C.,1990-01-01,18,Antalya Muratpaşa Stüdyo,Açıklama...,Müstakil Ev,Entire place,Antalya,Muratpaşa,Adres No:18,541,8,3,2024-05-01,9,2024-01-01,image_18.png,TRUE,0,Klima,fa-snowflake,,,,3,1623,,,,0,Credit Card,completed,T-17,,,4,Güzeldi.,,,**** 5161,12/2026
19,Fatma Koç,user19@hms.com,05000000019,hash_18,admin,suspended,2024-01-01,T.C.,1990-01-01,19,İzmir Konak Apartman,Açıklama...,Stüdyo,Entire place,İzmir,Konak,Adres No:19,2863,10,4,2024-05-01,10,2024-01-01,image_19.png,TRUE,0,TV,fa-tv,1018,2026-12-07,,5,8589,completed,,18,8589,Credit Card,completed,T-18,,18,4,Güzeldi.,,,**** 4710,12/2026
20,Can Şahin,user20@hms.com,05000000020,hash_19,admin,inactive,2024-01-01,T.C.,1990-01-01,20,Muğla Fethiye Villa,Açıklama...,Apartman,Entire place,Muğla,Fethiye,Adres No:20,3488,8,5,2024-05-01,1,2024-01-01,image_20.png,TRUE,0,Klima,fa-snowflake,,,,1,10464,,,,0,Credit Card,completed,T-19,,,2,Güzeldi.,,,**** 4641,12/2026
21,Ece Kaya,user21@hms.com,05000000021,hash_20,host,active,2024-01-01,T.C.,1990-01-01,21,İstanbul Fatih Stüdyo,Açıklama...,Apartman,Entire place,İstanbul,Fatih,Adres No:21,2872,9,1,2024-05-01,2,2024-01-01,image_21.png,TRUE,0,TV,fa-tv,,,,4,8616,,,,0,Credit Card,completed,T-20,,20,5,Güzeldi.,,,**** 5120,12/2026
22,Can Çelik,user22@hms.com,05000000022,hash_21,host,suspended,2024-01-01,T.C.,1990-01-01,22,Eskişehir Tepebaşı Villa,Açıklama...,Loft,Entire place,Eskişehir,Tepebaşı,Adres No:22,2598,7,2,2024-05-01,3,2024-01-01,image_22.png,TRUE,0,Klima,fa-snowflake,1021,2026-08-08,,4,7794,completed,,21,7794,Credit Card,completed,T-21,,,3,Güzeldi.,,,**** 3538,12/2026
23,Ece Çelik,user23@hms.com,05000000023,hash_22,guest,inactive,2024-01-01,T.C.,1990-01-01,23,Trabzon Ortahisar Villa,Açıklama...,Villa,Entire place,Trabzon,Ortahisar,Adres No:23,2743,10,3,2024-05-01,4,2024-01-01,image_23.png,TRUE,0,Klima,fa-snowflake,,,,4,8229,,,,0,Credit Card,completed,T-22,,22,2,Güzeldi.,,Ece Çelik,**** 8786,12/2026
24,Hasan Çelik,user24@hms.com,05000000024,hash_23,admin,inactive,2024-01-01,T.C.,1990-01-01,24,Eskişehir Odunpazarı Müstakil Ev,Açıklama...,Stüdyo,Entire place,Eskişehir,Odunpazarı,Adres No:24,4740,2,4,2024-05-01,5,2024-01-01,image_24.png,TRUE,0,Otopark,fa-car,,,,1,14220,,,,0,Credit Card,completed,T-23,,,4,Güzeldi.,,,**** 8364,12/2026
25,Derya Korkmaz,user25@hms.com,05000000025,hash_24,guest,active,2024-01-01,T.C.,1990-01-01,25,Ankara Çankaya Loft,Açıklama...,Stüdyo,Entire place,Ankara,Çankaya,Adres No:25,2912,9,5,2024-05-01,6,2024-01-01,image_25.png,TRUE,0,TV,fa-tv,1024,2026-12-16,,2,8736,completed,,24,8736,Credit Card,completed,T-24,,24,5,Güzeldi.,,Derya Korkmaz,**** 5187,12/2026
26,Ayşe Kaya,user26@hms.com,05000000026,hash_25,host,suspended,2024-01-01,T.C.,1990-01-01,1,Trabzon Akçaabat Villa,Açıklama...,Apartman,Entire place,Trabzon,Akçaabat,Adres No:1,1930,7,1,2024-05-01,2,2024-01-01,image_1.png,TRUE,0,Otopark,fa-car,,,,4,5790,,,,0,Credit Card,completed,T-25,,,3,Güzeldi.,,,**** 8885,12/2026
27,Ece Şahin,user27@hms.com,05000000027,hash_26,guest,suspended,2024-01-01,T.C.,1990-01-01,2,Muğla Bodrum Apartman,Açıklama...,Stüdyo,Entire place,Muğla,Bodrum,Adres No:2,1706,9,2,2024-05-01,3,2024-01-01,image_2.png,TRUE,0,Mutfak,fa-utensils,,,,2,5118,,,,0,Credit Card,completed,T-26,,26,5,Güzeldi.,,Ece Şahin,**** 6142,12/2026
28,Hasan Yılmaz,user28@hms.com,05000000028,hash_27,guest,active,2024-01-01,T.C.,1990-01-01,3,Muğla Bodrum Apartman,Açıklama...,Stüdyo,Entire place,Muğla,Bodrum,Adres No:3,4739,9,3,2024-05-01,4,2024-01-01,image_3.png,TRUE,0,Otopark,fa-car,1027,2026-05-03,,1,14217,completed,,27,14217,Credit Card,completed,T-27,,,3,Güzeldi.,,Hasan Yılmaz,**** 9852,12/2026
29,Deniz Bulut,user29@hms.com,05000000029,hash_28,admin,active,2024-01-01,T.C.,1990-01-01,4,İstanbul Sarıyer Loft,Açıklama...,Loft,Entire place,İstanbul,Sarıyer,Adres No:4,2315,4,4,2024-05-01,5,2024-01-01,image_4.png,TRUE,0,Klima,fa-snowflake,,,,3,6945,,,,0,Credit Card,completed,T-28,,28,3,Güzeldi.,,,**** 7423,12/2026
30,Deniz Çelik,user30@hms.com,05000000030,hash_29,host,inactive,2024-01-01,T.C.,1990-01-01,5,Antalya Kaş Loft,Açıklama...,Müstakil Ev,Entire place,Antalya,Kaş,Adres No:5,2687,6,5,2024-05-01,6,2024-01-01,image_5.png,TRUE,0,WiFi,fa-wifi,,,,3,8061,,,,0,Credit Card,completed,T-29,,,3,Güzeldi.,,,**** 1720,12/2026
1,Deniz Tekin,user1@hms.com,05000000001,hash_30,admin,inactive,2024-01-01,T.C.,1990-01-01,6,Trabzon Akçaabat Apartman,Açıklama...,Müstakil Ev,Entire place,Trabzon,Akçaabat,Adres No:6,2018,6,1,2024-05-01,7,2024-01-01,image_6.png,TRUE,0,WiFi,fa-wifi,1030,2026-01-25,,2,6054,completed,,30,6054,Credit Card,completed,T-30,,30,1,Güzeldi.,,,**** 8526,12/2026
2,Sinan Tekin,user2@hms.com,05000000002,hash_31,host,suspended,2024-01-01,T.C.,1990-01-01,7,Muğla Bodrum Apartman,Açıklama...,Müstakil Ev,Entire place,Muğla,Bodrum,Adres No:7,3378,8,2,2024-05-01,8,2024-01-01,image_7.png,TRUE,0,Klima,fa-snowflake,,,,1,10134,,,,0,Credit Card,completed,T-31,,,4,Güzeldi.,,,**** 5997,12/2026
3,Ayşe Yıldız,user3@hms.com,05000000003,hash_32,guest,suspended,2024-01-01,T.C.,1990-01-01,8,Eskişehir Odunpazarı Apartman,Açıklama...,Stüdyo,Entire place,Eskişehir,Odunpazarı,Adres No:8,3630,10,3,2024-05-01,9,2024-01-01,image_8.png,TRUE,0,Otopark,fa-car,,,,5,10890,,,,0,Credit Card,completed,T-32,,32,4,Güzeldi.,,Ayşe Yıldız,**** 3577,12/2026
4,Koray Öztürk,user4@hms.com,05000000004,hash_33,admin,inactive,2024-01-01,T.C.,1990-01-01,9,İzmir Alsancak Apartman,Açıklama...,Villa,Entire place,İzmir,Alsancak,Adres No:9,4181,10,4,2024-05-01,10,2024-01-01,image_9.png,TRUE,0,WiFi,fa-wifi,1033,2026-04-28,,3,12543,completed,,33,12543,Credit Card,completed,T-33,,,5,Güzeldi.,,,**** 7926,12/2026
5,Murat Engin,user5@hms.com,05000000005,hash_34,guest,inactive,2024-01-01,T.C.,1990-01-01,10,Antalya Alanya Apartman,Açıklama...,Villa,Entire place,Antalya,Alanya,Adres No:10,3976,7,5,2024-05-01,1,2024-01-01,image_10.png,TRUE,0,Otopark,fa-car,,,,2,11928,,,,0,Credit Card,completed,T-34,,34,3,Güzeldi.,,Murat Engin,**** 1544,12/2026
6,Can Ekinci,user6@hms.com,05000000006,hash_35,guest,suspended,2024-01-01,T.C.,1990-01-01,11,Bursa Nilüfer Loft,Açıklama...,Müstakil Ev,Entire place,Bursa,Nilüfer,Adres No:11,2456,5,1,2024-05-01,2,2024-01-01,image_11.png,TRUE,0,Mutfak,fa-utensils,,,,2,7368,,,,0,Credit Card,completed,T-35,,,1,Güzeldi.,,Can Ekinci,**** 1585,12/2026
7,Mehmet Kaya,user7@hms.com,05000000007,hash_36,host,suspended,2024-01-01,T.C.,1990-01-01,12,Trabzon Ortahisar Stüdyo,Açıklama...,Villa,Entire place,Trabzon,Ortahisar,Adres No:12,525,6,2,2024-05-01,3,2024-01-01,image_12.png,TRUE,0,Otopark,fa-car,1036,2026-01-28,,1,1575,completed,,36,1575,Credit Card,completed,T-36,,36,3,Güzeldi.,,,**** 5607,12/2026
8,Elif Şahin,user8@hms.com,05000000008,hash_37,guest,inactive,2024-01-01,T.C.,1990-01-01,13,İzmir Konak Loft,Açıklama...,Müstakil Ev,Entire place,İzmir,Konak,Adres No:13,3185,4,3,2024-05-01,4,2024-01-01,image_13.png,TRUE,0,TV,fa-tv,,,,1,9555,,,,0,Credit Card,completed,T-37,,,1,Güzeldi.,,Elif Şahin,**** 4555,12/2026
9,Fatma Tekin,user9@hms.com,05000000009,hash_38,host,suspended,2024-01-01,T.C.,1990-01-01,14,Antalya Kaş Apartman,Açıklama...,Villa,Entire place,Antalya,Kaş,Adres No:14,3323,10,4,2024-05-01,5,2024-01-01,image_14.png,TRUE,0,WiFi,fa-wifi,,,,3,9969,,,,0,Credit Card,completed,T-38,,38,3,Güzeldi.,,,**** 6314,12/2026
10,Zeynep Bulut,user10@hms.com,05000000010,hash_39,host,inactive,2024-01-01,T.C.,1990-01-01,15,Ankara Keçiören Loft,Açıklama...,Stüdyo,Entire place,Ankara,Keçiören,Adres No:15,1537,6,5,2024-05-01,6,2024-01-01,image_15.png,TRUE,0,Havuz,fa-swimming-pool,1039,2026-04-11,,4,4611,completed,,39,4611,Credit Card,completed,T-39,,,4,Güzeldi.,,,**** 4727,12/2026
11,Sinan Korkmaz,user11@hms.com,05000000011,hash_40,host,suspended,2024-01-01,T.C.,1990-01-01,16,İzmir Karşıyaka Stüdyo,Açıklama...,Stüdyo,Entire place,İzmir,Karşıyaka,Adres No:16,4699,10,1,2024-05-01,7,2024-01-01,image_16.png,TRUE,0,Havuz,fa-swimming-pool,,,,4,14097,,,,0,Credit Card,completed,T-40,,40,3,Güzeldi.,,,**** 6413,12/2026
12,Hasan Aydın,user12@hms.com,05000000012,hash_41,host,active,2024-01-01,T.C.,1990-01-01,17,Muğla Bodrum Müstakil Ev,Açıklama...,Villa,Entire place,Muğla,Bodrum,Adres No:17,4970,6,2,2024-05-01,8,2024-01-01,image_17.png,TRUE,0,TV,fa-tv,,,,5,14910,,,,0,Credit Card,completed,T-41,,,3,Güzeldi.,,,**** 1314,12/2026
13,Can Engin,user13@hms.com,05000000013,hash_42,guest,suspended,2024-01-01,T.C.,1990-01-01,18,İzmir Konak Loft,Açıklama...,Loft,Entire place,İzmir,Konak,Adres No:18,3273,8,3,2024-05-01,9,2024-01-01,image_18.png,TRUE,0,WiFi,fa-wifi,1042,2026-06-25,,2,9819,completed,,42,9819,Credit Card,completed,T-42,,42,3,Güzeldi.,,Can Engin,**** 6605,12/2026
14,Ayşe Koç,user14@hms.com,05000000014,hash_43,host,active,2024-01-01,T.C.,1990-01-01,19,Ankara Çankaya Villa,Açıklama...,Apartman,Entire place,Ankara,Çankaya,Adres No:19,2756,3,4,2024-05-01,10,2024-01-01,image_19.png,TRUE,0,TV,fa-tv,,,,4,8268,,,,0,Credit Card,completed,T-43,,,5,Güzeldi.,,,**** 7451,12/2026
15,Elif Çelik,user15@hms.com,05000000015,hash_44,admin,active,2024-01-01,T.C.,1990-01-01,20,İzmir Alsancak Müstakil Ev,Açıklama...,Stüdyo,Entire place,İzmir,Alsancak,Adres No:20,2229,5,5,2024-05-01,1,2024-01-01,image_20.png,TRUE,0,Havuz,fa-swimming-pool,,,,4,6687,,,,0,Credit Card,completed,T-44,,44,3,Güzeldi.,,,**** 1105,12/2026
16,Deniz Şahin,user16@hms.com,05000000016,hash_45,admin,suspended,2024-01-01,T.C.,1990-01-01,21,Antalya Kaş Apartman,Açıklama...,Müstakil Ev,Entire place,Antalya,Kaş,Adres No:21,1758,7,1,2024-05-01,2,2024-01-01,image_21.png,TRUE,0,TV,fa-tv,1045,2026-06-16,,3,5274,completed,,45,5274,Credit Card,completed,T-45,,,1,Güzeldi.,,,**** 8179,12/2026
17,Elif Yılmaz,user17@hms.com,05000000017,hash_46,guest,inactive,2024-01-01,T.C.,1990-01-01,22,İzmir Karşıyaka Müstakil Ev,Açıklama...,Apartman,Entire place,İzmir,Karşıyaka,Adres No:22,3333,8,2,2024-05-01,3,2024-01-01,image_22.png,TRUE,0,Otopark,fa-car,,,,5,9999,,,,0,Credit Card,completed,T-46,,46,5,Güzeldi.,,Elif Yılmaz,**** 2394,12/2026
18,Ahmet Aras,user18@hms.com,05000000018,hash_47,admin,inactive,2024-01-01,T.C.,1990-01-01,23,Ankara Yenimahalle Stüdyo,Açıklama...,Loft,Entire place,Ankara,Yenimahalle,Adres No:23,406,3,3,2024-05-01,4,2024-01-01,image_23.png,TRUE,0,WiFi,fa-wifi,,,,1,1218,,,,0,Credit Card,completed,T-47,,,2,Güzeldi.,,,**** 2729,12/2026
19,Can Tekin,user19@hms.com,05000000019,hash_48,host,active,2024-01-01,T.C.,1990-01-01,24,Ankara Keçiören Müstakil Ev,Açıklama...,Apartman,Entire place,Ankara,Keçiören,Adres No:24,3694,6,4,2024-05-01,5,2024-01-01,image_24.png,TRUE,0,Havuz,fa-swimming-pool,1048,2026-09-28,,1,11082,completed,,48,11082,Credit Card,completed,T-48,,48,3,Güzeldi.,,,**** 1868,12/2026
20,Ahmet Ekinci,user20@hms.com,05000000020,hash_49,host,active,2024-01-01,T.C.,1990-01-01,25,Antalya Kaş Apartman,Açıklama...,Müstakil Ev,Entire place,Antalya,Kaş,Adres No:25,4012,8,5,2024-05-01,6,2024-01-01,image_25.png,TRUE,0,Otopark,fa-car,,,,3,12036,,,,0,Credit Card,completed,T-49,,,2,Güzeldi.,,,**** 9487,12/2026
21,Elif Kaya,user21@hms.com,05000000021,hash_50,guest,inactive,2024-01-01,T.C.,1990-01-01,1,Ankara Yenimahalle Villa,Açıklama...,Müstakil Ev,Entire place,Ankara,Yenimahalle,Adres No:1,3918,5,1,2024-05-01,2,2024-01-01,image_1.png,TRUE,0,TV,fa-tv,,,,3,11754,,,,0,Credit Card,completed,T-50,,50,3,Güzeldi.,,Elif Kaya,**** 3210,12/2026
22,Deniz Yılmaz,user22@hms.com,05000000022,hash_51,host,suspended,2024-01-01,T.C.,1990-01-01,2,Antalya Kaş Müstakil Ev,Açıklama...,Villa,Entire place,Antalya,Kaş,Adres No:2,3532,8,2,2024-05-01,3,2024-01-01,image_2.png,TRUE,0,Havuz,fa-swimming-pool,1051,2026-07-16,,5,10596,completed,,51,10596,Credit Card,completed,T-51,,,3,Güzeldi.,,,**** 1108,12/2026
23,Hasan Ekinci,user23@hms.com,05000000023,hash_52,admin,suspended,2024-01-01,T.C.,1990-01-01,3,Muğla Marmaris Apartman,Açıklama...,Apartman,Entire place,Muğla,Marmaris,Adres No:3,1458,6,3,2024-05-01,4,2024-01-01,image_3.png,TRUE,0,Havuz,fa-swimming-pool,,,,2,4374,,,,0,Credit Card,completed,T-52,,52,5,Güzeldi.,,,**** 3832,12/2026
24,Koray Demir,user24@hms.com,05000000024,hash_53,admin,suspended,2024-01-01,T.C.,1990-01-01,4,Eskişehir Odunpazarı Loft,Açıklama...,Stüdyo,Entire place,Eskişehir,Odunpazarı,Adres No:4,3424,4,4,2024-05-01,5,2024-01-01,image_4.png,TRUE,0,TV,fa-tv,,,,4,10272,,,,0,Credit Card,completed,T-53,,,3,Güzeldi.,,,**** 4040,12/2026
25,Hasan Öztürk,user25@hms.com,05000000025,hash_54,admin,inactive,2024-01-01,T.C.,1990-01-01,5,Muğla Marmaris Loft,Açıklama...,Müstakil Ev,Entire place,Muğla,Marmaris,Adres No:5,2745,5,5,2024-05-01,6,2024-01-01,image_5.png,TRUE,0,Otopark,fa-car,1054,2026-11-08,,3,8235,completed,,54,8235,Credit Card,completed,T-54,,54,1,Güzeldi.,,,**** 3360,12/2026
26,Ahmet Demir,user26@hms.com,05000000026,hash_55,admin,active,2024-01-01,T.C.,1990-01-01,6,Bursa Osmangazi Apartman,Açıklama...,Müstakil Ev,Entire place,Bursa,Osmangazi,Adres No:6,4595,5,1,2024-05-01,7,2024-01-01,image_6.png,TRUE,0,Mutfak,fa-utensils,,,,4,13785,,,,0,Credit Card,completed,T-55,,,2,Güzeldi.,,,**** 9739,12/2026
27,Elif Yıldız,user27@hms.com,05000000027,hash_56,guest,active,2024-01-01,T.C.,1990-01-01,7,İstanbul Fatih Stüdyo,Açıklama...,Müstakil Ev,Entire place,İstanbul,Fatih,Adres No:7,2101,7,2,2024-05-01,8,2024-01-01,image_7.png,TRUE,0,Mutfak,fa-utensils,,,,5,6303,,,,0,Credit Card,completed,T-56,,56,1,Güzeldi.,,Elif Yıldız,**** 4238,12/2026
28,Hasan Yılmaz,user28@hms.com,05000000028,hash_57,admin,inactive,2024-01-01,T.C.,1990-01-01,8,Antalya Kaş Loft,Açıklama...,Stüdyo,Entire place,Antalya,Kaş,Adres No:8,4538,8,3,2024-05-01,9,2024-01-01,image_8.png,TRUE,0,Mutfak,fa-utensils,1057,2026-04-25,,1,13614,completed,,57,13614,Credit Card,completed,T-57,,,3,Güzeldi.,,,**** 7279,12/2026
29,Zeynep Öztürk,user29@hms.com,05000000029,hash_58,host,inactive,2024-01-01,T.C.,1990-01-01,9,Muğla Bodrum Müstakil Ev,Açıklama...,Müstakil Ev,Entire place,Muğla,Bodrum,Adres No:9,3686,7,4,2024-05-01,10,2024-01-01,image_9.png,TRUE,0,TV,fa-tv,,,,5,11058,,,,0,Credit Card,completed,T-58,,58,5,Güzeldi.,,,**** 3072,12/2026
30,Hasan Şahin,user30@hms.com,05000000030,hash_59,host,active,2024-01-01,T.C.,1990-01-01,10,Muğla Bodrum Villa,Açıklama...,Villa,Entire place,Muğla,Bodrum,Adres No:10,4814,7,5,2024-05-01,1,2024-01-01,image_10.png,TRUE,0,Mutfak,fa-utensils,,,,5,14442,,,,0,Credit Card,completed,T-59,,,5,Güzeldi.,,,**** 1827,12/2026
1,Can Çelik,user1@hms.com,05000000001,hash_60,admin,inactive,2024-01-01,T.C.,1990-01-01,11,Trabzon Akçaabat Apartman,Açıklama...,Stüdyo,Entire place,Trabzon,Akçaabat,Adres No:11,3057,8,1,2024-05-01,2,2024-01-01,image_11.png,TRUE,0,Mutfak,fa-utensils,1060,2026-03-28,,2,9171,completed,,60,9171,Credit Card,completed,T-60,,60,1,Güzeldi.,,,**** 9408,12/2026
2,Gökhan Demir,user2@hms.com,05000000002,hash_61,host,active,2024-01-01,T.C.,1990-01-01,12,Bursa Osmangazi Apartman,Açıklama...,Apartman,Entire place,Bursa,Osmangazi,Adres No:12,4201,9,2,2024-05-01,3,2024-01-01,image_12.png,TRUE,0,Mutfak,fa-utensils,,,,3,12603,,,,0,Credit Card,completed,T-61,,,2,Güzeldi.,,,**** 2300,12/2026
3,Ayşe Yıldız,user3@hms.com,05000000003,hash_62,admin,active,2024-01-01,T.C.,1990-01-01,13,Ankara Çankaya Apartman,Açıklama...,Villa,Entire place,Ankara,Çankaya,Adres No:13,2676,3,3,2024-05-01,4,2024-01-01,image_13.png,TRUE,0,Mutfak,fa-utensils,,,,1,8028,,,,0,Credit Card,completed,T-62,,62,2,Güzeldi.,,,**** 6750,12/2026
4,Zeynep Engin,user4@hms.com,05000000004,hash_63,admin,suspended,2024-01-01,T.C.,1990-01-01,14,İstanbul Şişli Stüdyo,Açıklama...,Müstakil Ev,Entire place,İstanbul,Şişli,Adres No:14,3868,2,4,2024-05-01,5,2024-01-01,image_14.png,TRUE,0,WiFi,fa-wifi,1063,2026-07-18,,3,11604,completed,,63,11604,Credit Card,completed,T-63,,,4,Güzeldi.,,,**** 2356,12/2026
5,Sibel Öztürk,user5@hms.com,05000000005,hash_64,guest,suspended,2024-01-01,T.C.,1990-01-01,15,Muğla Bodrum Müstakil Ev,Açıklama...,Villa,Entire place,Muğla,Bodrum,Adres No:15,2915,5,5,2024-05-01,6,2024-01-01,image_15.png,TRUE,0,TV,fa-tv,,,,5,8745,,,,0,Credit Card,completed,T-64,,64,5,Güzeldi.,,Sibel Öztürk,**** 2275,12/2026
6,Burak Çelik,user6@hms.com,05000000006,hash_65,guest,inactive,2024-01-01,T.C.,1990-01-01,16,Ankara Çankaya Apartman,Açıklama...,Loft,Entire place,Ankara,Çankaya,Adres No:16,3074,7,1,2024-05-01,7,2024-01-01,image_16.png,TRUE,0,Havuz,fa-swimming-pool,,,,4,9222,,,,0,Credit Card,completed,T-65,,,2,Güzeldi.,,Burak Çelik,**** 2728,12/2026
7,Sinan Koç,user7@hms.com,05000000007,hash_66,admin,active,2024-01-01,T.C.,1990-01-01,17,Ankara Çankaya Villa,Açıklama...,Loft,Entire place,Ankara,Çankaya,Adres No:17,2630,10,2,2024-05-01,8,2024-01-01,image_17.png,TRUE,0,Havuz,fa-swimming-pool,1066,2026-08-01,,1,7890,completed,,66,7890,Credit Card,completed,T-66,,66,1,Güzeldi.,,,**** 4597,12/2026
8,Aslı Aras,user8@hms.com,05000000008,hash_67,guest,inactive,2024-01-01,T.C.,1990-01-01,18,Antalya Alanya Loft,Açıklama...,Loft,Entire place,Antalya,Alanya,Adres No:18,4700,8,3,2024-05-01,9,2024-01-01,image_18.png,TRUE,0,TV,fa-tv,,,,4,14100,,,,0,Credit Card,completed,T-67,,,2,Güzeldi.,,Aslı Aras,**** 4425,12/2026
9,Mehmet Demir,user9@hms.com,05000000009,hash_68,guest,suspended,2024-01-01,T.C.,1990-01-01,19,Antalya Alanya Loft,Açıklama...,Müstakil Ev,Entire place,Antalya,Alanya,Adres No:19,4819,2,4,2024-05-01,10,2024-01-01,image_19.png,TRUE,0,Klima,fa-snowflake,,,,2,14457,,,,0,Credit Card,completed,T-68,,68,5,Güzeldi.,,Mehmet Demir,**** 8681,12/2026
10,Mert Korkmaz,user10@hms.com,05000000010,hash_69,host,active,2024-01-01,T.C.,1990-01-01,20,Muğla Bodrum Loft,Açıklama...,Stüdyo,Entire place,Muğla,Bodrum,Adres No:20,338,4,5,2024-05-01,1,2024-01-01,image_20.png,TRUE,0,Havuz,fa-swimming-pool,1069,2026-09-16,,5,1014,completed,,69,1014,Credit Card,completed,T-69,,,5,Güzeldi.,,,**** 9545,12/2026
11,Gökhan Öztürk,user11@hms.com,05000000011,hash_70,host,active,2024-01-01,T.C.,1990-01-01,21,İzmir Alsancak Müstakil Ev,Açıklama...,Loft,Entire place,İzmir,Alsancak,Adres No:21,1744,5,1,2024-05-01,2,2024-01-01,image_21.png,TRUE,0,WiFi,fa-wifi,,,,5,5232,,,,0,Credit Card,completed,T-70,,70,5,Güzeldi.,,,**** 3300,12/2026
12,Ayşe Yıldız,user12@hms.com,05000000012,hash_71,admin,inactive,2024-01-01,T.C.,1990-01-01,22,Bursa Osmangazi Villa,Açıklama...,Loft,Entire place,Bursa,Osmangazi,Adres No:22,1374,3,2,2024-05-01,3,2024-01-01,image_22.png,TRUE,0,WiFi,fa-wifi,,,,1,4122,,,,0,Credit Card,completed,T-71,,,3,Güzeldi.,,,**** 6961,12/2026
13,Ayşe Bulut,user13@hms.com,05000000013,hash_72,host,active,2024-01-01,T.C.,1990-01-01,23,Bursa Osmangazi Müstakil Ev,Açıklama...,Apartman,Entire place,Bursa,Osmangazi,Adres No:23,2978,4,3,2024-05-01,4,2024-01-01,image_23.png,TRUE,0,Klima,fa-snowflake,1072,2026-05-19,,1,8934,completed,,72,8934,Credit Card,completed,T-72,,72,5,Güzeldi.,,,**** 3028,12/2026
14,Ece Korkmaz,user14@hms.com,05000000014,hash_73,host,inactive,2024-01-01,T.C.,1990-01-01,24,İstanbul Kadıköy Apartman,Açıklama...,Loft,Entire place,İstanbul,Kadıköy,Adres No:24,416,10,4,2024-05-01,5,2024-01-01,image_24.png,TRUE,0,WiFi,fa-wifi,,,,2,1248,,,,0,Credit Card,completed,T-73,,,3,Güzeldi.,,,**** 2230,12/2026
15,Selin Engin,user15@hms.com,05000000015,hash_74,host,suspended,2024-01-01,T.C.,1990-01-01,25,Ankara Yenimahalle Apartman,Açıklama...,Villa,Entire place,Ankara,Yenimahalle,Adres No:25,1404,6,5,2024-05-01,6,2024-01-01,image_25.png,TRUE,0,TV,fa-tv,,,,4,4212,,,,0,Credit Card,completed,T-74,,74,5,Güzeldi.,,,**** 8746,12/2026
16,Deniz Bulut,user16@hms.com,05000000016,hash_75,admin,active,2024-01-01,T.C.,1990-01-01,1,Trabzon Akçaabat Loft,Açıklama...,Stüdyo,Entire place,Trabzon,Akçaabat,Adres No:1,2066,5,1,2024-05-01,2,2024-01-01,image_1.png,TRUE,0,Havuz,fa-swimming-pool,1075,2026-03-05,,1,6198,completed,,75,6198,Credit Card,completed,T-75,,,5,Güzeldi.,,,**** 3385,12/2026
17,Ece Aydın,user17@hms.com,05000000017,hash_76,admin,suspended,2024-01-01,T.C.,1990-01-01,2,Muğla Marmaris Apartman,Açıklama...,Loft,Entire place,Muğla,Marmaris,Adres No:2,1049,10,2,2024-05-01,3,2024-01-01,image_2.png,TRUE,0,TV,fa-tv,,,,5,3147,,,,0,Credit Card,completed,T-76,,76,3,Güzeldi.,,,**** 3617,12/2026
18,Zeynep Aydın,user18@hms.com,05000000018,hash_77,host,suspended,2024-01-01,T.C.,1990-01-01,3,Trabzon Ortahisar Loft,Açıklama...,Müstakil Ev,Entire place,Trabzon,Ortahisar,Adres No:3,1710,2,3,2024-05-01,4,2024-01-01,image_3.png,TRUE,0,Mutfak,fa-utensils,,,,3,5130,,,,0,Credit Card,completed,T-77,,,3,Güzeldi.,,,**** 4045,12/2026
19,Deniz Çelik,user19@hms.com,05000000019,hash_78,guest,active,2024-01-01,T.C.,1990-01-01,4,Muğla Bodrum Villa,Açıklama...,Müstakil Ev,Entire place,Muğla,Bodrum,Adres No:4,1585,8,4,2024-05-01,5,2024-01-01,image_4.png,TRUE,0,Otopark,fa-car,1078,2026-04-10,,4,4755,completed,,78,4755,Credit Card,completed,T-78,,78,2,Güzeldi.,,Deniz Çelik,**** 8918,12/2026
20,Fatma Kaya,user20@hms.com,05000000020,hash_79,guest,suspended,2024-01-01,T.C.,1990-01-01,5,İstanbul Sarıyer Villa,Açıklama...,Loft,Entire place,İstanbul,Sarıyer,Adres No:5,2482,3,5,2024-05-01,6,2024-01-01,image_5.png,TRUE,0,TV,fa-tv,,,,2,7446,,,,0,Credit Card,completed,T-79,,,4,Güzeldi.,,Fatma Kaya,**** 6687,12/2026
21,Hasan Bulut,user21@hms.com,05000000021,hash_80,host,suspended,2024-01-01,T.C.,1990-01-01,6,Antalya Muratpaşa Loft,Açıklama...,Villa,Entire place,Antalya,Muratpaşa,Adres No:6,4658,7,1,2024-05-01,7,2024-01-01,image_6.png,TRUE,0,WiFi,fa-wifi,,,,3,13974,,,,0,Credit Card,completed,T-80,,80,1,Güzeldi.,,,**** 5285,12/2026
22,Mert Yıldız,user22@hms.com,05000000022,hash_81,admin,active,2024-01-01,T.C.,1990-01-01,7,Muğla Marmaris Loft,Açıklama...,Müstakil Ev,Entire place,Muğla,Marmaris,Adres No:7,4311,2,2,2024-05-01,8,2024-01-01,image_7.png,TRUE,0,TV,fa-tv,1081,2026-07-18,,5,12933,completed,,81,12933,Credit Card,completed,T-81,,,4,Güzeldi.,,,**** 1590,12/2026
23,Mert Bulut,user23@hms.com,05000000023,hash_82,host,suspended,2024-01-01,T.C.,1990-01-01,8,İzmir Konak Müstakil Ev,Açıklama...,Apartman,Entire place,İzmir,Konak,Adres No:8,781,4,3,2024-05-01,9,2024-01-01,image_8.png,TRUE,0,Klima,fa-snowflake,,,,5,2343,,,,0,Credit Card,completed,T-82,,82,5,Güzeldi.,,,**** 1625,12/2026
24,Fatma Ekinci,user24@hms.com,05000000024,hash_83,guest,inactive,2024-01-01,T.C.,1990-01-01,9,Ankara Yenimahalle Villa,Açıklama...,Villa,Entire place,Ankara,Yenimahalle,Adres No:9,2807,9,4,2024-05-01,10,2024-01-01,image_9.png,TRUE,0,WiFi,fa-wifi,,,,3,8421,,,,0,Credit Card,completed,T-83,,,5,Güzeldi.,,Fatma Ekinci,**** 8482,12/2026
25,Aslı Şahin,user25@hms.com,05000000025,hash_84,admin,suspended,2024-01-01,T.C.,1990-01-01,10,Antalya Kaş Apartman,Açıklama...,Stüdyo,Entire place,Antalya,Kaş,Adres No:10,1266,5,5,2024-05-01,1,2024-01-01,image_10.png,TRUE,0,TV,fa-tv,1084,2026-11-25,,2,3798,completed,,84,3798,Credit Card,completed,T-84,,84,1,Güzeldi.,,,**** 1140,12/2026
26,Aslı Yılmaz,user26@hms.com,05000000026,hash_85,host,active,2024-01-01,T.C.,1990-01-01,11,İzmir Alsancak Apartman,Açıklama...,Stüdyo,Entire place,İzmir,Alsancak,Adres No:11,1714,6,1,2024-05-01,2,2024-01-01,image_11.png,TRUE,0,Klima,fa-snowflake,,,,1,5142,,,,0,Credit Card,completed,T-85,,,3,Güzeldi.,,,**** 1513,12/2026
27,Selin Engin,user27@hms.com,05000000027,hash_86,host,active,2024-01-01,T.C.,1990-01-01,12,İstanbul Kadıköy Stüdyo,Açıklama...,Villa,Entire place,İstanbul,Kadıköy,Adres No:12,2489,7,2,2024-05-01,3,2024-01-01,image_12.png,TRUE,0,WiFi,fa-wifi,,,,5,7467,,,,0,Credit Card,completed,T-86,,86,5,Güzeldi.,,,**** 6400,12/2026
28,Ece Engin,user28@hms.com,05000000028,hash_87,admin,suspended,2024-01-01,T.C.,1990-01-01,13,Muğla Marmaris Apartman,Açıklama...,Villa,Entire place,Muğla,Marmaris,Adres No:13,324,5,3,2024-05-01,4,2024-01-01,image_13.png,TRUE,0,Otopark,fa-car,1087,2026-09-25,,5,972,completed,,87,972,Credit Card,completed,T-87,,,4,Güzeldi.,,,**** 5672,12/2026
29,Mert Korkmaz,user29@hms.com,05000000029,hash_88,host,suspended,2024-01-01,T.C.,1990-01-01,14,Muğla Marmaris Apartman,Açıklama...,Loft,Entire place,Muğla,Marmaris,Adres No:14,1699,4,4,2024-05-01,5,2024-01-01,image_14.png,TRUE,0,Mutfak,fa-utensils,,,,1,5097,,,,0,Credit Card,completed,T-88,,88,2,Güzeldi.,,,**** 7724,12/2026
30,Aslı Ekinci,user30@hms.com,05000000030,hash_89,admin,suspended,2024-01-01,T.C.,1990-01-01,15,Trabzon Ortahisar Apartman,Açıklama...,Müstakil Ev,Entire place,Trabzon,Ortahisar,Adres No:15,4044,3,5,2024-05-01,6,2024-01-01,image_15.png,TRUE,0,Klima,fa-snowflake,,,,5,12132,,,,0,Credit Card,completed,T-89,,,5,Güzeldi.,,,**** 9062,12/2026
1,Ayşe Ekinci,user1@hms.com,05000000001,hash_90,guest,inactive,2024-01-01,T.C.,1990-01-01,16,İzmir Alsancak Loft,Açıklama...,Loft,Entire place,İzmir,Alsancak,Adres No:16,1694,6,1,2024-05-01,7,2024-01-01,image_16.png,TRUE,0,Mutfak,fa-utensils,1090,2026-04-26,,2,5082,completed,,90,5082,Credit Card,completed,T-90,,90,4,Güzeldi.,,Ayşe Ekinci,**** 1440,12/2026
2,Aslı Yılmaz,user2@hms.com,05000000002,hash_91,admin,active,2024-01-01,T.C.,1990-01-01,17,Bursa Osmangazi Loft,Açıklama...,Apartman,Entire place,Bursa,Osmangazi,Adres No:17,2168,4,2,2024-05-01,8,2024-01-01,image_17.png,TRUE,0,Mutfak,fa-utensils,,,,3,6504,,,,0,Credit Card,completed,T-91,,,5,Güzeldi.,,,**** 8739,12/2026
3,Sinan Ekinci,user3@hms.com,05000000003,hash_92,admin,active,2024-01-01,T.C.,1990-01-01,18,İstanbul Beşiktaş Apartman,Açıklama...,Villa,Entire place,İstanbul,Beşiktaş,Adres No:18,3429,4,3,2024-05-01,9,2024-01-01,image_18.png,TRUE,0,TV,fa-tv,,,,2,10287,,,,0,Credit Card,completed,T-92,,92,2,Güzeldi.,,,**** 2616,12/2026
4,Ayşe Aras,user4@hms.com,05000000004,hash_93,host,inactive,2024-01-01,T.C.,1990-01-01,19,Antalya Alanya Müstakil Ev,Açıklama...,Loft,Entire place,Antalya,Alanya,Adres No:19,4563,3,4,2024-05-01,10,2024-01-01,image_19.png,TRUE,0,Mutfak,fa-utensils,1093,2026-03-14,,1,13689,completed,,93,13689,Credit Card,completed,T-93,,,1,Güzeldi.,,,**** 2578,12/2026
5,Deniz Demir,user5@hms.com,05000000005,hash_94,guest,inactive,2024-01-01,T.C.,1990-01-01,20,Antalya Alanya Loft,Açıklama...,Villa,Entire place,Antalya,Alanya,Adres No:20,1980,5,5,2024-05-01,1,2024-01-01,image_20.png,TRUE,0,TV,fa-tv,,,,1,5940,,,,0,Credit Card,completed,T-94,,94,5,Güzeldi.,,Deniz Demir,**** 1094,12/2026
6,Zeynep Şahin,user6@hms.com,05000000006,hash_95,guest,inactive,2024-01-01,T.C.,1990-01-01,21,Trabzon Ortahisar Müstakil Ev,Açıklama...,Apartman,Entire place,Trabzon,Ortahisar,Adres No:21,1040,7,1,2024-05-01,2,2024-01-01,image_21.png,TRUE,0,WiFi,fa-wifi,,,,4,3120,,,,0,Credit Card,completed,T-95,,,3,Güzeldi.,,Zeynep Şahin,**** 1442,12/2026
7,Gökhan Aydın,user7@hms.com,05000000007,hash_96,admin,suspended,2024-01-01,T.C.,1990-01-01,22,Antalya Alanya Müstakil Ev,Açıklama...,Stüdyo,Entire place,Antalya,Alanya,Adres No:22,3405,4,2,2024-05-01,3,2024-01-01,image_22.png,TRUE,0,WiFi,fa-wifi,1096,2026-04-19,,1,10215,completed,,96,10215,Credit Card,completed,T-96,,96,3,Güzeldi.,,,**** 1277,12/2026
8,Murat Ekinci,user8@hms.com,05000000008,hash_97,guest,active,2024-01-01,T.C.,1990-01-01,23,İstanbul Fatih Villa,Açıklama...,Stüdyo,Entire place,İstanbul,Fatih,Adres No:23,2040,4,3,2024-05-01,4,2024-01-01,image_23.png,TRUE,0,Otopark,fa-car,,,,4,6120,,,,0,Credit Card,completed,T-97,,,5,Güzeldi.,,Murat Ekinci,**** 5882,12/2026
9,Deniz Öztürk,user9@hms.com,05000000009,hash_98,guest,active,2024-01-01,T.C.,1990-01-01,24,Ankara Keçiören Loft,Açıklama...,Villa,Entire place,Ankara,Keçiören,Adres No:24,4193,5,4,2024-05-01,5,2024-01-01,image_24.png,TRUE,0,Klima,fa-snowflake,,,,5,12579,,,,0,Credit Card,completed,T-98,,98,3,Güzeldi.,,Deniz Öztürk,**** 9312,12/2026
10,Can Koç,user10@hms.com,05000000010,hash_99,guest,inactive,2024-01-01,T.C.,1990-01-01,25,İstanbul Fatih Apartman,Açıklama...,Apartman,Entire place,İstanbul,Fatih,Adres No:25,2286,4,5,2024-05-01,6,2024-01-01,image_25.png,TRUE,0,Otopark,fa-car,1099,2026-02-24,,2,6858,completed,,99,6858,Credit Card,completed,T-99,,,1,Güzeldi.,,Can Koç,**** 2760,12/2026
11,Sibel Aydın,user11@hms.com,05000000011,hash_100,host,active,2024-01-01,T.C.,1990-01-01,1,Eskişehir Tepebaşı Apartman,Açıklama...,Loft,Entire place,Eskişehir,Tepebaşı,Adres No:1,2103,7,1,2024-05-01,2,2024-01-01,image_1.png,TRUE,0,Klima,fa-snowflake,,,,4,6309,,,,0,Credit Card,completed,T-100,,100,4,Güzeldi.,,,**** 7763,12/2026
12,Gökhan Öztürk,user12@hms.com,05000000012,hash_101,host,suspended,2024-01-01,T.C.,1990-01-01,2,Antalya Muratpaşa Loft,Açıklama...,Müstakil Ev,Entire place,Antalya,Muratpaşa,Adres No:2,4869,5,2,2024-05-01,3,2024-01-01,image_2.png,TRUE,0,Havuz,fa-swimming-pool,,,,2,14607,,,,0,Credit Card,completed,T-101,,,2,Güzeldi.,,,**** 1693,12/2026
13,Ayşe Bulut,user13@hms.com,05000000013,hash_102,admin,active,2024-01-01,T.C.,1990-01-01,3,Bursa Osmangazi Stüdyo,Açıklama...,Müstakil Ev,Entire place,Bursa,Osmangazi,Adres No:3,4086,3,3,2024-05-01,4,2024-01-01,image_3.png,TRUE,0,TV,fa-tv,1102,2026-02-19,,5,12258,completed,,102,12258,Credit Card,completed,T-102,,102,5,Güzeldi.,,,**** 2140,12/2026
14,Zeynep Korkmaz,user14@hms.com,05000000014,hash_103,guest,suspended,2024-01-01,T.C.,1990-01-01,4,Muğla Marmaris Loft,Açıklama...,Apartman,Entire place,Muğla,Marmaris,Adres No:4,4773,5,4,2024-05-01,5,2024-01-01,image_4.png,TRUE,0,Otopark,fa-car,,,,3,14319,,,,0,Credit Card,completed,T-103,,,4,Güzeldi.,,Zeynep Korkmaz,**** 8633,12/2026
15,Selin Çelik,user15@hms.com,05000000015,hash_104,host,suspended,2024-01-01,T.C.,1990-01-01,5,Trabzon Ortahisar Loft,Açıklama...,Loft,Entire place,Trabzon,Ortahisar,Adres No:5,1985,6,5,2024-05-01,6,2024-01-01,image_5.png,TRUE,0,Klima,fa-snowflake,,,,2,5955,,,,0,Credit Card,completed,T-104,,104,1,Güzeldi.,,,**** 1318,12/2026
16,Burak Ekinci,user16@hms.com,05000000016,hash_105,host,inactive,2024-01-01,T.C.,1990-01-01,6,Trabzon Akçaabat Villa,Açıklama...,Stüdyo,Entire place,Trabzon,Akçaabat,Adres No:6,3192,6,1,2024-05-01,7,2024-01-01,image_6.png,TRUE,0,TV,fa-tv,1105,2026-06-15,,2,9576,completed,,105,9576,Credit Card,completed,T-105,,,5,Güzeldi.,,,**** 6941,12/2026
17,Sinan Aras,user17@hms.com,05000000017,hash_106,host,suspended,2024-01-01,T.C.,1990-01-01,7,Antalya Alanya Loft,Açıklama...,Müstakil Ev,Entire place,Antalya,Alanya,Adres No:7,1549,4,2,2024-05-01,8,2024-01-01,image_7.png,TRUE,0,WiFi,fa-wifi,,,,1,4647,,,,0,Credit Card,completed,T-106,,106,3,Güzeldi.,,,**** 9012,12/2026
18,Ece Aras,user18@hms.com,05000000018,hash_107,guest,inactive,2024-01-01,T.C.,1990-01-01,8,Trabzon Akçaabat Villa,Açıklama...,Apartman,Entire place,Trabzon,Akçaabat,Adres No:8,4293,2,3,2024-05-01,9,2024-01-01,image_8.png,TRUE,0,WiFi,fa-wifi,,,,1,12879,,,,0,Credit Card,completed,T-107,,,5,Güzeldi.,,Ece Aras,**** 2220,12/2026
19,Mert Engin,user19@hms.com,05000000019,hash_108,host,active,2024-01-01,T.C.,1990-01-01,9,Antalya Alanya Apartman,Açıklama...,Apartman,Entire place,Antalya,Alanya,Adres No:9,4272,7,4,2024-05-01,10,2024-01-01,image_9.png,TRUE,0,TV,fa-tv,1108,2026-02-26,,2,12816,completed,,108,12816,Credit Card,completed,T-108,,108,2,Güzeldi.,,,**** 8115,12/2026
20,Sinan Koç,user20@hms.com,05000000020,hash_109,host,suspended,2024-01-01,T.C.,1990-01-01,10,İstanbul Kadıköy Loft,Açıklama...,Loft,Entire place,İstanbul,Kadıköy,Adres No:10,4109,8,5,2024-05-01,1,2024-01-01,image_10.png,TRUE,0,Mutfak,fa-utensils,,,,3,12327,,,,0,Credit Card,completed,T-109,,,5,Güzeldi.,,,**** 5571,12/2026
21,Derya Ekinci,user21@hms.com,05000000021,hash_110,guest,suspended,2024-01-01,T.C.,1990-01-01,11,Bursa Nilüfer Müstakil Ev,Açıklama...,Apartman,Entire place,Bursa,Nilüfer,Adres No:11,371,6,1,2024-05-01,2,2024-01-01,image_11.png,TRUE,0,Havuz,fa-swimming-pool,,,,5,1113,,,,0,Credit Card,completed,T-110,,110,2,Güzeldi.,,Derya Ekinci,**** 3033,12/2026
22,Ece Aydın,user22@hms.com,05000000022,hash_111,admin,suspended,2024-01-01,T.C.,1990-01-01,12,İstanbul Sarıyer Loft,Açıklama...,Apartman,Entire place,İstanbul,Sarıyer,Adres No:12,4252,7,2,2024-05-01,3,2024-01-01,image_12.png,TRUE,0,Otopark,fa-car,1111,2026-07-22,,2,12756,completed,,111,12756,Credit Card,completed,T-111,,,4,Güzeldi.,,,**** 1097,12/2026
23,Ayşe Aras,user23@hms.com,05000000023,hash_112,guest,inactive,2024-01-01,T.C.,1990-01-01,13,Antalya Kaş Villa,Açıklama...,Apartman,Entire place,Antalya,Kaş,Adres No:13,4526,9,3,2024-05-01,4,2024-01-01,image_13.png,TRUE,0,TV,fa-tv,,,,5,13578,,,,0,Credit Card,completed,T-112,,112,2,Güzeldi.,,Ayşe Aras,**** 1389,12/2026
24,Deniz Demir,user24@hms.com,05000000024,hash_113,guest,suspended,2024-01-01,T.C.,1990-01-01,14,Ankara Çankaya Apartman,Açıklama...,Müstakil Ev,Entire place,Ankara,Çankaya,Adres No:14,3830,10,4,2024-05-01,5,2024-01-01,image_14.png,TRUE,0,Klima,fa-snowflake,,,,2,11490,,,,0,Credit Card,completed,T-113,,,1,Güzeldi.,,Deniz Demir,**** 4788,12/2026
25,Murat Demir,user25@hms.com,05000000025,hash_114,host,suspended,2024-01-01,T.C.,1990-01-01,15,Bursa Osmangazi Villa,Açıklama...,Müstakil Ev,Entire place,Bursa,Osmangazi,Adres No:15,3273,10,5,2024-05-01,6,2024-01-01,image_15.png,TRUE,0,WiFi,fa-wifi,1114,2026-09-02,,3,9819,completed,,114,9819,Credit Card,completed,T-114,,114,3,Güzeldi.,,,**** 1798,12/2026
26,Deniz Koç,user26@hms.com,05000000026,hash_115,admin,active,2024-01-01,T.C.,1990-01-01,16,Bursa Nilüfer Stüdyo,Açıklama...,Apartman,Entire place,Bursa,Nilüfer,Adres No:16,4390,8,1,2024-05-01,7,2024-01-01,image_16.png,TRUE,0,Mutfak,fa-utensils,,,,3,13170,,,,0,Credit Card,completed,T-115,,,3,Güzeldi.,,,**** 5217,12/2026
27,Zeynep Engin,user27@hms.com,05000000027,hash_116,host,suspended,2024-01-01,T.C.,1990-01-01,17,Trabzon Akçaabat Loft,Açıklama...,Stüdyo,Entire place,Trabzon,Akçaabat,Adres No:17,3750,4,2,2024-05-01,8,2024-01-01,image_17.png,TRUE,0,TV,fa-tv,,,,3,11250,,,,0,Credit Card,completed,T-116,,116,3,Güzeldi.,,,**** 3481,12/2026
28,Mehmet Aydın,user28@hms.com,05000000028,hash_117,admin,active,2024-01-01,T.C.,1990-01-01,18,Ankara Keçiören Müstakil Ev,Açıklama...,Müstakil Ev,Entire place,Ankara,Keçiören,Adres No:18,2905,9,3,2024-05-01,9,2024-01-01,image_18.png,TRUE,0,Mutfak,fa-utensils,1117,2026-09-10,,1,8715,completed,,117,8715,Credit Card,completed,T-117,,,1,Güzeldi.,,,**** 7835,12/2026
29,Mehmet Demir,user29@hms.com,05000000029,hash_118,admin,active,2024-01-01,T.C.,1990-01-01,19,Eskişehir Odunpazarı Apartman,Açıklama...,Loft,Entire place,Eskişehir,Odunpazarı,Adres No:19,2072,2,4,2024-05-01,10,2024-01-01,image_19.png,TRUE,0,WiFi,fa-wifi,,,,4,6216,,,,0,Credit Card,completed,T-118,,118,4,Güzeldi.,,,**** 2065,12/2026
30,Ayşe Demir,user30@hms.com,05000000030,hash_119,admin,active,2024-01-01,T.C.,1990-01-01,20,Eskişehir Tepebaşı Loft,Açıklama...,Loft,Entire place,Eskişehir,Tepebaşı,Adres No:20,1242,2,5,2024-05-01,1,2024-01-01,image_20.png,TRUE,0,Havuz,fa-swimming-pool,,,,3,3726,,,,0,Credit Card,completed,T-119,,,5,Güzeldi.,,,**** 9059,12/2026
1,Ahmet Şahin,user1@hms.com,05000000001,hash_120,guest,inactive,2024-01-01,T.C.,1990-01-01,21,İstanbul Kadıköy Loft,Açıklama...,Apartman,Entire place,İstanbul,Kadıköy,Adres No:21,2294,3,1,2024-05-01,2,2024-01-01,image_21.png,TRUE,0,Havuz,fa-swimming-pool,1120,2026-04-07,,4,6882,completed,,120,6882,Credit Card,completed,T-120,,120,1,Güzeldi.,,Ahmet Şahin,**** 5996,12/2026
2,Ahmet Koç,user2@hms.com,05000000002,hash_121,guest,inactive,2024-01-01,T.C.,1990-01-01,22,Bursa Osmangazi Villa,Açıklama...,Loft,Entire place,Bursa,Osmangazi,Adres No:22,1119,9,2,2024-05-01,3,2024-01-01,image_22.png,TRUE,0,WiFi,fa-wifi,,,,2,3357,,,,0,Credit Card,completed,T-121,,,4,Güzeldi.,,Ahmet Koç,**** 7761,12/2026
3,Ayşe Aydın,user3@hms.com,05000000003,hash_122,admin,inactive,2024-01-01,T.C.,1990-01-01,23,Bursa Nilüfer Villa,Açıklama...,Loft,Entire place,Bursa,Nilüfer,Adres No:23,648,10,3,2024-05-01,4,2024-01-01,image_23.png,TRUE,0,Klima,fa-snowflake,,,,3,1944,,,,0,Credit Card,completed,T-122,,122,1,Güzeldi.,,,**** 3037,12/2026
4,Elif Yıldız,user4@hms.com,05000000004,hash_123,admin,inactive,2024-01-01,T.C.,1990-01-01,24,Bursa Osmangazi Loft,Açıklama...,Villa,Entire place,Bursa,Osmangazi,Adres No:24,3829,5,4,2024-05-01,5,2024-01-01,image_24.png,TRUE,0,Mutfak,fa-utensils,1123,2026-10-23,,5,11487,completed,,123,11487,Credit Card,completed,T-123,,,2,Güzeldi.,,,**** 8544,12/2026
5,Gökhan Bulut,user5@hms.com,05000000005,hash_124,host,inactive,2024-01-01,T.C.,1990-01-01,25,Muğla Fethiye Stüdyo,Açıklama...,Loft,Entire place,Muğla,Fethiye,Adres No:25,3924,5,5,2024-05-01,6,2024-01-01,image_25.png,TRUE,0,TV,fa-tv,,,,4,11772,,,,0,Credit Card,completed,T-124,,124,4,Güzeldi.,,,**** 9333,12/2026
6,Ayşe Bulut,user6@hms.com,05000000006,hash_125,admin,active,2024-01-01,T.C.,1990-01-01,1,Muğla Bodrum Villa,Açıklama...,Müstakil Ev,Entire place,Muğla,Bodrum,Adres No:1,4907,9,1,2024-05-01,2,2024-01-01,image_1.png,TRUE,0,TV,fa-tv,,,,4,14721,,,,0,Credit Card,completed,T-125,,,2,Güzeldi.,,,**** 5627,12/2026
7,Mert Engin,user7@hms.com,05000000007,hash_126,guest,active,2024-01-01,T.C.,1990-01-01,2,Ankara Keçiören Apartman,Açıklama...,Apartman,Entire place,Ankara,Keçiören,Adres No:2,3965,5,2,2024-05-01,3,2024-01-01,image_2.png,TRUE,0,TV,fa-tv,1126,2026-08-02,,2,11895,completed,,126,11895,Credit Card,completed,T-126,,126,5,Güzeldi.,,Mert Engin,**** 5049,12/2026
8,Koray Çelik,user8@hms.com,05000000008,hash_127,host,suspended,2024-01-01,T.C.,1990-01-01,3,İstanbul Sarıyer Apartman,Açıklama...,Stüdyo,Entire place,İstanbul,Sarıyer,Adres No:3,4426,4,3,2024-05-01,4,2024-01-01,image_3.png,TRUE,0,WiFi,fa-wifi,,,,4,13278,,,,0,Credit Card,completed,T-127,,,4,Güzeldi.,,,**** 5256,12/2026
9,Burak Aras,user9@hms.com,05000000009,hash_128,host,active,2024-01-01,T.C.,1990-01-01,4,Muğla Marmaris Loft,Açıklama...,Müstakil Ev,Entire place,Muğla,Marmaris,Adres No:4,3397,7,4,2024-05-01,5,2024-01-01,image_4.png,TRUE,0,Havuz,fa-swimming-pool,,,,1,10191,,,,0,Credit Card,completed,T-128,,128,1,Güzeldi.,,,**** 3279,12/2026
10,Sibel Aydın,user10@hms.com,05000000010,hash_129,guest,suspended,2024-01-01,T.C.,1990-01-01,5,Bursa Nilüfer Villa,Açıklama...,Villa,Entire place,Bursa,Nilüfer,Adres No:5,2918,7,5,2024-05-01,6,2024-01-01,image_5.png,TRUE,0,TV,fa-tv,1129,2026-04-10,,4,8754,completed,,129,8754,Credit Card,completed,T-129,,,4,Güzeldi.,,Sibel Aydın,**** 8196,12/2026
11,Burak Öztürk,user11@hms.com,05000000011,hash_130,guest,suspended,2024-01-01,T.C.,1990-01-01,6,Bursa Osmangazi Villa,Açıklama...,Müstakil Ev,Entire place,Bursa,Osmangazi,Adres No:6,3348,7,1,2024-05-01,7,2024-01-01,image_6.png,TRUE,0,Havuz,fa-swimming-pool,,,,2,10044,,,,0,Credit Card,completed,T-130,,130,2,Güzeldi.,,Burak Öztürk,**** 2894,12/2026
12,Aslı Koç,user12@hms.com,05000000012,hash_131,admin,active,2024-01-01,T.C.,1990-01-01,7,Antalya Muratpaşa Villa,Açıklama...,Villa,Entire place,Antalya,Muratpaşa,Adres No:7,3759,6,2,2024-05-01,8,2024-01-01,image_7.png,TRUE,0,Klima,fa-snowflake,,,,1,11277,,,,0,Credit Card,completed,T-131,,,2,Güzeldi.,,,**** 2006,12/2026
13,Sinan Korkmaz,user13@hms.com,05000000013,hash_132,host,suspended,2024-01-01,T.C.,1990-01-01,8,Ankara Keçiören Apartman,Açıklama...,Loft,Entire place,Ankara,Keçiören,Adres No:8,3934,5,3,2024-05-01,9,2024-01-01,image_8.png,TRUE,0,Havuz,fa-swimming-pool,1132,2026-12-08,,5,11802,completed,,132,11802,Credit Card,completed,T-132,,132,4,Güzeldi.,,,**** 7420,12/2026
14,Mert Aydın,user14@hms.com,05000000014,hash_133,host,suspended,2024-01-01,T.C.,1990-01-01,9,Bursa Nilüfer Müstakil Ev,Açıklama...,Apartman,Entire place,Bursa,Nilüfer,Adres No:9,4541,9,4,2024-05-01,10,2024-01-01,image_9.png,TRUE,0,Klima,fa-snowflake,,,,2,13623,,,,0,Credit Card,completed,T-133,,,2,Güzeldi.,,,**** 3527,12/2026
15,Murat Çelik,user15@hms.com,05000000015,hash_134,admin,inactive,2024-01-01,T.C.,1990-01-01,10,Bursa Osmangazi Loft,Açıklama...,Stüdyo,Entire place,Bursa,Osmangazi,Adres No:10,4015,8,5,2024-05-01,1,2024-01-01,image_10.png,TRUE,0,Havuz,fa-swimming-pool,,,,3,12045,,,,0,Credit Card,completed,T-134,,134,3,Güzeldi.,,,**** 7508,12/2026
16,Ayşe Ekinci,user16@hms.com,05000000016,hash_135,guest,active,2024-01-01,T.C.,1990-01-01,11,Ankara Yenimahalle Villa,Açıklama...,Loft,Entire place,Ankara,Yenimahalle,Adres No:11,4626,5,1,2024-05-01,2,2024-01-01,image_11.png,TRUE,0,TV,fa-tv,1135,2026-02-02,,5,13878,completed,,135,13878,Credit Card,completed,T-135,,,3,Güzeldi.,,Ayşe Ekinci,**** 7037,12/2026
17,Mert Çelik,user17@hms.com,05000000017,hash_136,admin,suspended,2024-01-01,T.C.,1990-01-01,12,Muğla Fethiye Müstakil Ev,Açıklama...,Müstakil Ev,Entire place,Muğla,Fethiye,Adres No:12,2602,5,2,2024-05-01,3,2024-01-01,image_12.png,TRUE,0,Klima,fa-snowflake,,,,1,7806,,,,0,Credit Card,completed,T-136,,136,5,Güzeldi.,,,**** 3025,12/2026
18,Fatma Tekin,user18@hms.com,05000000018,hash_137,admin,suspended,2024-01-01,T.C.,1990-01-01,13,İstanbul Sarıyer Müstakil Ev,Açıklama...,Loft,Entire place,İstanbul,Sarıyer,Adres No:13,1742,8,3,2024-05-01,4,2024-01-01,image_13.png,TRUE,0,TV,fa-tv,,,,5,5226,,,,0,Credit Card,completed,T-137,,,1,Güzeldi.,,,**** 3768,12/2026
19,Murat Demir,user19@hms.com,05000000019,hash_138,admin,active,2024-01-01,T.C.,1990-01-01,14,İzmir Konak Müstakil Ev,Açıklama...,Villa,Entire place,İzmir,Konak,Adres No:14,689,10,4,2024-05-01,5,2024-01-01,image_14.png,TRUE,0,Havuz,fa-swimming-pool,1138,2026-07-27,,5,2067,completed,,138,2067,Credit Card,completed,T-138,,138,1,Güzeldi.,,,**** 4725,12/2026
20,Ahmet Yıldız,user20@hms.com,05000000020,hash_139,admin,active,2024-01-01,T.C.,1990-01-01,15,Muğla Bodrum Stüdyo,Açıklama...,Villa,Entire place,Muğla,Bodrum,Adres No:15,378,8,5,2024-05-01,6,2024-01-01,image_15.png,TRUE,0,Mutfak,fa-utensils,,,,5,1134,,,,0,Credit Card,completed,T-139,,,4,Güzeldi.,,,**** 5550,12/2026
21,Fatma Koç,user21@hms.com,05000000021,hash_140,guest,suspended,2024-01-01,T.C.,1990-01-01,16,Trabzon Akçaabat Villa,Açıklama...,Loft,Entire place,Trabzon,Akçaabat,Adres No:16,1361,2,1,2024-05-01,7,2024-01-01,image_16.png,TRUE,0,Otopark,fa-car,,,,5,4083,,,,0,Credit Card,completed,T-140,,140,1,Güzeldi.,,Fatma Koç,**** 3924,12/2026
22,Sinan Çelik,user22@hms.com,05000000022,hash_141,admin,active,2024-01-01,T.C.,1990-01-01,17,Ankara Çankaya Müstakil Ev,Açıklama...,Müstakil Ev,Entire place,Ankara,Çankaya,Adres No:17,3257,2,2,2024-05-01,8,2024-01-01,image_17.png,TRUE,0,Otopark,fa-car,1141,2026-01-10,,1,9771,completed,,141,9771,Credit Card,completed,T-141,,,2,Güzeldi.,,,**** 4365,12/2026
23,Mehmet Engin,user23@hms.com,05000000023,hash_142,guest,suspended,2024-01-01,T.C.,1990-01-01,18,Muğla Marmaris Apartman,Açıklama...,Villa,Entire place,Muğla,Marmaris,Adres No:18,2152,9,3,2024-05-01,9,2024-01-01,image_18.png,TRUE,0,Mutfak,fa-utensils,,,,5,6456,,,,0,Credit Card,completed,T-142,,142,3,Güzeldi.,,Mehmet Engin,**** 6040,12/2026
24,Ayşe Koç,user24@hms.com,05000000024,hash_143,host,inactive,2024-01-01,T.C.,1990-01-01,19,İstanbul Beşiktaş Loft,Açıklama...,Villa,Entire place,İstanbul,Beşiktaş,Adres No:19,4210,10,4,2024-05-01,10,2024-01-01,image_19.png,TRUE,0,Havuz,fa-swimming-pool,,,,4,12630,,,,0,Credit Card,completed,T-143,,,5,Güzeldi.,,,**** 6729,12/2026
25,Selin Şahin,user25@hms.com,05000000025,hash_144,admin,inactive,2024-01-01,T.C.,1990-01-01,20,Trabzon Akçaabat Stüdyo,Açıklama...,Müstakil Ev,Entire place,Trabzon,Akçaabat,Adres No:20,4247,8,5,2024-05-01,1,2024-01-01,image_20.png,TRUE,0,TV,fa-tv,1144,2026-10-13,,3,12741,completed,,144,12741,Credit Card,completed,T-144,,144,1,Güzeldi.,,,**** 5270,12/2026
26,Sinan Engin,user26@hms.com,05000000026,hash_145,host,inactive,2024-01-01,T.C.,1990-01-01,21,Trabzon Akçaabat Müstakil Ev,Açıklama...,Müstakil Ev,Entire place,Trabzon,Akçaabat,Adres No:21,3364,10,1,2024-05-01,2,2024-01-01,image_21.png,TRUE,0,Otopark,fa-car,,,,4,10092,,,,0,Credit Card,completed,T-145,,,1,Güzeldi.,,,**** 8140,12/2026
27,Ayşe Tekin,user27@hms.com,05000000027,hash_146,admin,suspended,2024-01-01,T.C.,1990-01-01,22,Bursa Osmangazi Loft,Açıklama...,Stüdyo,Entire place,Bursa,Osmangazi,Adres No:22,2572,6,2,2024-05-01,3,2024-01-01,image_22.png,TRUE,0,Mutfak,fa-utensils,,,,4,7716,,,,0,Credit Card,completed,T-146,,146,3,Güzeldi.,,,**** 8812,12/2026
28,Sinan Ekinci,user28@hms.com,05000000028,hash_147,host,inactive,2024-01-01,T.C.,1990-01-01,23,Eskişehir Tepebaşı Stüdyo,Açıklama...,Apartman,Entire place,Eskişehir,Tepebaşı,Adres No:23,2433,5,3,2024-05-01,4,2024-01-01,image_23.png,TRUE,0,Otopark,fa-car,1147,2026-03-23,,2,7299,completed,,147,7299,Credit Card,completed,T-147,,,5,Güzeldi.,,,**** 9959,12/2026
29,Aslı Koç,user29@hms.com,05000000029,hash_148,admin,suspended,2024-01-01,T.C.,1990-01-01,24,Trabzon Ortahisar Loft,Açıklama...,Villa,Entire place,Trabzon,Ortahisar,Adres No:24,2621,10,4,2024-05-01,5,2024-01-01,image_24.png,TRUE,0,Mutfak,fa-utensils,,,,4,7863,,,,0,Credit Card,completed,T-148,,148,3,Güzeldi.,,,**** 8693,12/2026
30,Koray Çelik,user30@hms.com,05000000030,hash_149,admin,inactive,2024-01-01,T.C.,1990-01-01,25,Eskişehir Tepebaşı Müstakil Ev,Açıklama...,Loft,Entire place,Eskişehir,Tepebaşı,Adres No:25,4268,9,5,2024-05-01,6,2024-01-01,image_25.png,TRUE,0,TV,fa-tv,,,,1,12804,,,,0,Credit Card,completed,T-149,,,4,Güzeldi.,,,**** 4961,12/2026
1,Deniz Öztürk,user1@hms.com,05000000001,hash_150,host,active,2024-01-01,T.C.,1990-01-01,1,Muğla Bodrum Villa,Açıklama...,Stüdyo,Entire place,Muğla,Bodrum,Adres No:1,3506,3,1,2024-05-01,2,2024-01-01,image_1.png,TRUE,0,Mutfak,fa-utensils,1150,2026-11-28,,1,10518,completed,,150,10518,Credit Card,completed,T-150,,150,2,Güzeldi.,,,**** 6807,12/2026
